{"accuracy": [0.6022619009017944, 0.8596343994140625], "loss": [1.3507059812545776, 0.44101640582084656], "val_accuracy": [0.8545413017272949, 0.9109947681427002], "val_loss": [0.46460530161857605, 0.2783651649951935]}